Property name,Unit number,First name,Last name,Start date,End date,"Rent/Fee",Rent cycle,Street address line 1,Street address line 2,Street address line 3,"City/Locality","State/Province/Territory",Postal code,Alternate address line 1,Alternate address line 2,Alternate address line 3,"Alternate city/locality","Alternate state/province/territory",Alternate postal code,Login email,Alternate email,Home phone,Work phone,Mobile,Fax,Emergency name,Emergency phone,Date of birth,Comment,Id,LeaseId,Status,Number of pets
KRSS 2 - SUNSET VILLAS,KRSS 2,Yunelis,",","06/18/2025","01/01/2060",2200.00,Monthly,4709 NW 7 ST # 401-9,,,MIAMI,FL,33126,,,,,,,,,,,(954) 809-8454,,,,,,488909,74332,Tenant,
SARASOTA,SARASOTA,.,.,"06/18/2025","01/01/2060",12000.00,Monthly,1838-1840 64 ST,,,SARASOTA,FL,34243,,,,,,,,,,,,,,,,,488906,74329,Tenant,
KT 1 - AVALON,KT 1,Paula,Allende,"06/18/2025","01/01/2060",2200.00,Monthly,2012 SW 101 LN,,,MIRAMAR,FL,33025,,,,,,,Daniypao20@gmail.com,,,,(786) 278-6256,,,,,,488873,74296,Tenant,
ATK 16 - THE COURTS AT KENDALL,ATK 16,Mayelin,Alvarez,"06/18/2025","01/01/2060",2400.00,Monthly,15540 SW 80 ST  D-101,,,MIAMI,FL,33193,,,,,,,,,,,(941) 840-3243,,,,,,488912,74335,Tenant,
KT 5 - COURTYARDS AT BROWARD,KT 5,Francette,Augustin,"05/15/2025","05/14/2026",,,1800 N. LAUDERDALE AV # 1417,,,NORTH LAUDERDALE,FL,33068,,,,,,,augustinfrancettte13@gmail.com,,,,(754) 262-2212,,,,,,589752,122481,Tenant,
ATK 23 - COURTYARD AT KENDALL,ATK 23,Ana Maria,Ballon,"06/18/2025","01/01/2060",900.00,Monthly,8600 SW 109 AV # 4-204,,,MIAMI,FL,33173,,,,,,,Ballonphotography21@gmail.com,,,,(786) 518-1537,,,,,,488885,74308,Tenant,
ATK 27 - RACQUET CLUB VILLAGE,ATK 27,Maryann,Baute,"10/01/2024","09/30/2025",2200.00,Monthly,177 LAKE VIEW DR # 103,,,WESTON,FL,33326,,,,,,,mbautorres@hotmail.com,,,,(470) 939-3969,,,,,,488905,74328,Tenant,
ATK 64 - SERENITY PALMS,ATK 64,Jennifer,Boykin,"06/18/2025","01/01/2060",1900.00,Monthly,3251 SABAL PALM MANOR # 105,,,DAVIE,FL,33024,,,,,,,jenniferboykin1999@gmail.com,,,,(754) 465-4385,,,,,,488907,74330,Tenant,
ATK 74 - MONTEREY,ATK 74,Robbins,Breton,"06/18/2025","01/01/2060",2300.00,Monthly,20810 NE 8 CT APT 101-18,,,MIAMI,FL,33179,,,,,,,robbinsbreton@gmail.com,,,,(305) 570-3375,,,,,,488897,74320,Tenant,
KRSS 4 - INDIAN SUMMER VILL,KRSS 4,Samuel,Cajina,"07/15/2025","07/14/2026",2600.00,Monthly,251 W PARK DR # 10-201,,,MIAMI,FL,33172,,,,,,,cajina48@gmail.com,,,,(305) 510-1082,,,,,,522888,92474,Tenant,
ATK 48 - SUNSET VILLAS CONDO,ATK 48,Melbis,Calzada,"06/30/2025","06/29/2026",2000.00,Monthly,4721 NW 7 ST #107-12,,,MIAMI,FL,33126,,,,,,,,,,,,,,,,,504652,84479,Tenant,
ATK 55 - COLONIAL HOUSE CONDO,ATK 55,Jorge,Cardozo,"06/18/2025","01/01/2060",1500.00,Monthly,1050 ATLANTIC SHORE BOULEVARD # 106,,,HALLANDALE,FL,33039,,,,,,,Jorcardozo@gmail.com,,,,(571) 385-9097,,,,,,488881,74304,Tenant,
ATK 82 - LES CHATEAUX AT,ATK 82,Ruben,Carriol,"06/18/2025","01/01/2060",2400.00,Monthly,11850 SW 19 LN # 182,,,MIAMI,FL,33175,,,,,,,mirandanp2025@gmail.com,,,,(786) 227-7499,,,,,,488894,74317,Tenant,
ATK 17 - WESTLAND COND,ATK 17,Jose,Carvajal,"06/18/2025","01/01/2060",1800.00,Monthly,1800 W 54 ST # 115,,,MIAMI,FL,33012,,,,,,,jcarvajloliver@gmail.com,,,,(786) 992-2456,,,,,,488921,74344,Tenant,
ATK 20 - VERANO AT MIRAMAR,ATK 20,Dariel,Castillo,"06/18/2025","01/01/2060",1719.00,Monthly,2244 SW 81 AV,,,MIRAMAR,FL,33025,,,,,,,castillodariel233@gmail.com,,,,(786) 922-9110,,,,,,488914,74337,Tenant,
ATK 34 - VILLA BELLINI,ATK 34,Sandra,Claro Gomez,"04/11/2025","03/31/2026",2000.00,Monthly,7210 NW 179 ST # 307,,,MIAMI,FL,33015,,,,,,,sandragomez6739539@gmail.com,,,,(786) 670-2688,,,,,,488915,74338,Tenant,
ATK 40 -WESTLAND MANOR,ATK 40,Adriana,Colmenares,"06/18/2025","01/01/2060",1500.00,Monthly,6675 W 4 AV UNIT#214,,,HIALEAH,FL,33012,,,,,,,avcsaam@gmail.com,,,,(786) 308-8707,,,,,,488923,74346,Tenant,
ATK 48 - SUNSET VILLAS CONDO,ATK 48,Dayana Lisca,Del Sol,"06/30/2025","06/29/2026",2000.00,Monthly,4721 NW 7 ST #107-12,,,MIAMI,FL,33126,,,,,,,,,,,(786) 295-8946,,,,,,504651,84479,Tenant,
ATK 51 - BEACH CLUB CONDO,ATK 51,Amarilis B,Delgado,"08/01/2025","07/31/2026",,,9371 FONTAINEBLEAU BLVD APT I-103,,,MIAMI,FL,33172,,,,,,,claudiayjenny@gmail.com,,,,(786) 241-5163,,,,,,564252,108913,Tenant,
ATK 78 - SAN REMO,ATK 78,Indira,Despaigne,"06/15/2025","06/14/2026",2400.00,Monthly,3311 SAN REMO CIR,,,HOMESTEAD,FL,33035,,,,,,,despaigne1984@gmail.com,,,,(786) 603-4691,,,,,,503935,84172,Tenant,
SUNSET FALLS,SUNSET FALLS,Carlos,Esgroi,"06/18/2025","01/01/2060",4100.00,Monthly,5317 SW 183 AVE,,,MIRAMAR,FL,33029,,,,,,,,,,,(305) 509-1670,,,,,,488908,74331,Tenant,
ATK 81 - WATER VIEW,ATK 81,Jose,Estrada,"06/18/2025","01/01/2060",2100.00,Monthly,14930 SW 82 TER APT 304,,,MIAMI,FL,33193,,,,,,,joseraciel00@yahoo.com,,,,(786) 836-1672,,,,,,488918,74341,Tenant,
KRSS 6 - TERRANOVA,KRSS 6,Pablo,Fernandez,"07/15/2025","06/30/2026",2300.00,Monthly,10845 NW 7 ST # 15-14,,,MIAMI,FL,33172,,,,,,,pfdezvaldes@icloud.com,,,,(786) 626-5538,,,,,,516940,89801,Tenant,
ATK 22 - WATERVIEW,ATK 22,Danay,Fern√°ndez Alum,"06/18/2025","01/01/2060",1900.00,Monthly,8250 SW 149 CT # 8-210,,,MIAMI,FL,33193,,,,,,,fernandezdanay385@gmail.com,,,,(786) 771-6308,,,,,,488919,74342,Tenant,
RAS 1 - COURTSYARDS AT NAUTICA TWO CONDO,RAS 1,Faica,Gaboton,"06/18/2025","01/01/2060",2350.00,Monthly,4351 SW 160 AV # 207,,,MIRAMAR,FL,33027,,,,,,,gabotonfaica@yahoo.com,,,,(786) 867-0518,,,,,,488884,74307,Tenant,
ATK 80 - SOUTH FLAGER CONDO,ATK 80,Mirca,Gallumette,"10/04/2024","10/03/2025",1400.00,Monthly,1065 S. FLAGER AVE # 705,,,POMPANO BEACH,FL,33029,,,,,,,mgallumette@aol.com,,,,(954) 422-4209,,,,,,514707,88934,Tenant,
ATK 28 - ANTIGUA VILLAGE II,ATK 28,Claudia,Girlado,"06/18/2025","01/01/2060",1800.00,Monthly,2402 ANTIGUA CIRCLE # A-1,,,COCONUT CREEK,FL,33066,,,,,,,dr.claudia.giraldo@gmail.com,,,,(305) 798-8692,,,,,,488872,74295,Tenant,
ATK 4 - COURTYARD AT KENDALL II,ATK 4,Anthony,Gonzalez,"06/18/2025","01/01/2060",1875.00,Monthly,8550 SW 109 AV #5-202,,,MIAMI,FL,33173,,,,,,,,,,,(305) 781-4528,,,,,,488886,74309,Tenant,
ATK 29 - PINERIDGE,ATK 29 - A,David A.,Graham,"06/18/2025","01/01/2060",824.00,Monthly,6025 NW 23 TERRACE,,,GAINSVILLE,FL,32653,,,,,,,dgraham235@gmail.com,,,,(352) 890-3949,,,,,,488900,74323,Tenant,
ATK 62 - MILE APARTMENT CONDO,ATK 62,Roberto,Guerrero,"06/18/2025","01/01/2060",1800.00,Monthly,1560 W 46 ST # 244,,,HIALEAH,FL,33012,,,,,,,Luciocuba17@gmail.com,,,,(305) 399-3483,,,,,,488895,74318,Tenant,
ATK 73 - WEST VIEW VILLAS,ATK 73,Betzabet,Hernandez,"06/18/2025","01/01/2060",,,2417 W 54 PL #09,,,HIALEAH,FL,33016,,,,,,,betzabet.hv4@gmail.com,,,,(786) 612-1648,,,,,,488920,74343,Tenant,
ATK 72 - PINES OF OAKLAND,ATK 72,Candice,Heron,"06/18/2025","01/01/2060",2100.00,Monthly,2740 S. OAKLAND FORREST DR #1205,,,OAKLAND PARK,FL,33309,,,,,,,Candiceheron@yahoo.com,,,,(754) 312-0494,,,,,,488903,74326,Tenant,
ATK 38 - EUREKA PALM GARDENS,ATK 38,Johannes,Herrera,"06/18/2025","01/01/2060",2700.00,Monthly,10919 SW 182 LN,,,MIAMI,FL,33157,,,,,,,johanneshbattes@gmail.com,,,,(786) 818-2628,,,,,,488890,74313,Tenant,
ATK 6 - CHAPEL TRAIL,CHAPEL TRAIL,Amazon,Investments,"06/18/2025","01/01/2060",3102.00,Monthly,20713 NW 3 ST,,,PEMBROKE PINES,FL,33029,,,,,,,,jeinnylizarazo@gmail.com,,,,,,,,,488880,74303,Tenant,
KT 7 - FLORAL PARK VILLAS,KT 7,Traci,Isaac,"05/01/2025","04/30/2026",,,3000 NW 43 TERRACE # 207,,,LAUDERDALE LAKES,FL,33313,,,,,,,,,,,(954) 709-6761,,,,,,518461,90596,Tenant,
ATK 42 - BROOKFIELD GARDENS,ATK 42,Diana,James,"06/18/2025","01/01/2060",1900.00,Monthly,704 SE 2 AVE # 348,,,DEERFIELD BEACH,FL,33441,,,,,,,,,,,(754) 779-9532,,,,,,488876,74299,Tenant,
KT 6 - WAREHOUSE,KT 6,NV,Labs,"06/01/2025","05/31/2026",,,2525 W 4 AV,,,HIALEAH,FL,33010,,,,,,,AP@nvlabs.net,,,,,,,,,,566618,109741,Tenant,
ATK 52 - CENTURY VILLAS NEW HAMPTON,ATK 52,Byron,Logan,"06/18/2025","01/01/2060",,,400 SW 134 WAY # 414F,,,PEMBROKE PINES,FL,33027,,,,,,,,,,,(954) 243-2237,,,,,,488878,74301,Tenant,
ATK 63 - CASA DEL SOL CONDO,ATK 63,Filiberto,Lopez,"06/18/2025","01/01/2060",2500.00,Monthly,1750 W 46 ST # 235,,,HIALEAH,FL,33012,,,,,,,,,,,(786) 617-8721,,,,,,488877,74300,Tenant,
ATK 1 - VILLA BELLINI CONDO,ATK 1,Hirenkumar,Maisuria,"06/18/2025","01/01/2060",1200.00,Monthly,6901 NW 179 ST # 212,,,HIALEAH,FL,33015,,,,,,,hiren_hkm@yahoo.com,,,,(423) 394-1551,,,,,,488916,74339,Tenant,
ATK 83 - PEMBROKE CAY CONDO,ATK 83,MATIANA,MALAGUTI,"08/15/2025","08/14/2026",,,1029 SW 144 AV,,,PEMBROKE PINES,FL,33027,,,,,,,,,,,(954) 801-0184,,,,,,587636,120313,Tenant,
ATK 44 - OCEANVIEW PARK CONDO,ATK 44,Stanislav,Marchengo,"06/18/2025","01/01/2060",2200.00,Monthly,1000 PARKVIEW DR #728,,,HALLANDALE,FL,33009,,,,,,,stanislavmarchenko77@gmail.com,,,,(954) 872-2173,,,,,,488899,74322,Tenant,
KRSS 7 - CENTURY PARK CONDO,KRSS 7,Tania Onaisy,Mata,"07/01/2025","06/30/2026",2500.00,Monthly,8866 W. FLAGLER ST # 106,,,MIAMI,FL,33174,,,,,,,onaisy23@gmail.com,,,,(786) 656-5493,,,,,,506037,85249,Tenant,
ATK 7 - MILLER LAKE CONDO,ATK 7,Yelena,Mendez,"06/18/2025","01/01/2060",1950.00,Monthly,5500 SW 77 CT # 204,,,MIAMI,FL,33175,,,,,,,Yele.mendes@gmail.com,,,,(305) 699-1144,,,,,,488896,74319,Tenant,
ATK 56 - BEACH CLUB CONDO II,ATK 56,Heber,Moreno,"06/18/2025","01/01/2060",2150.00,Monthly,9351 FOINTAINEBLEAU BLVD APT B-231,,,MIAMI,FL,33172,,,,,,,h2m2laevolucion@msn.com,,,,(305) 335-5797,,,,,,488874,74297,Tenant,
ATK 29 - PINERIDGE,ATK 29 - B,Mia,Murphy,"06/18/2025","01/01/2060",2000.00,Monthly,6025 NW 23 TERRACE,,,GAINSVILLE,FL,32653,,,,,,,murphyma@gm.sbac.edu,,,,(352) 262-6565,,,,,,488901,74324,Tenant,
ATK 30 - PINERIDGE II,ATK 30 - A,William,Murphy,"06/18/2025","01/01/2060",950.00,Monthly,6027 NW 23 TERRACE,,,GAINSVILLE,FL,32653,,,,,,,,,,,(352) 872-6354,,,,,,488902,74325,Tenant,
ATK 26 - BONITA GOLF VIEW,ATK 26,Jorge,Novellas,"07/01/2025","06/30/2026",2700.00,Monthly,6965 NW 173 DR # 1901,,,HIALEAH,FL,33015,,,,,,,,,,,(786) 762-8532,,,,,,510607,87006,Tenant,
ATK 26 - BONITA GOLF VIEW,ATK 26,Isis D,Novellas,"07/01/2025","06/30/2026",2700.00,Monthly,6965 NW 173 DR # 1901,,,HIALEAH,FL,33015,,,,,,,,,,,,,,,,,510608,87006,Tenant,
KT 4 - SUNSET VILLAS COND,KT 4,Olga,Ortiz,"06/18/2025","01/01/2060",2000.00,Monthly,4801 NW 7 ST # 608-16,,,MIAMI,FL,33126,,,,,,,Dcnfinancialfamilyservices@gmail.com,,,,(305) 713-8898,,,,,,488910,74333,Tenant,
KRSS 4 - INDIAN SUMMER VILL,KRSS 4,Angie,Panameno,"07/15/2025","07/14/2026",2600.00,Monthly,251 W PARK DR # 10-201,,,MIAMI,FL,33172,,,,,,,cajina48@gmail.com,,,,(305) 764-8168,,,,,,522887,92474,Tenant,
ATK 8 - INTERNATIONAL PRINCESS,ATK 8,Isamira,Perdomo,"06/18/2025","01/01/2060",1900.00,Monthly,12085 SW 18 ST #5-45,,,MIAMI,FL,33175,,,,,,,isapb90@gmail.com,,,,(786) 856-9038,,,,,,488892,74315,Tenant,
KRSS 7 - CENTURY PARK CONDO,KRSS 7,Yasdiel Rodolfo,Perez,"07/01/2025","06/30/2026",2500.00,Monthly,8866 W. FLAGLER ST # 106,,,MIAMI,FL,33174,,,,,,,,,,,,,,,,,506038,85249,Tenant,
ATK 75 - VILLAS OF WEST BIRD,ATK 75,Maydelin,Perez Hernandez,"06/01/2025","05/31/2026",1700.00,Monthly,3901 SW 112 AV # 24,,,MIAMI,FL,33165,,,,,,,Maydelinperezhernandez@gmai.com,,,,(941) 840-2343,,,,,,488917,74340,Tenant,
TERRABELLA,TERRABELLA,Luz Marina,Prada,"06/18/2025","01/01/2060",2700.00,Monthly,11540 TERRABELLA BLVD,,,PLANTATION,FL,33325,,,,,,,lmprada@hotmail.com,,,,(786) 398-2046,,,,,,488911,74334,Tenant,
ATK 53 - LAGO GRANDE,ATK 53,Daniel,Puerto,"06/18/2025","01/01/2060",800.00,Monthly,6500 W 24 CT # 13-22,,,MIAMI,FL,33016,,,,,,,danpupa@hotmail.com,,,,(786) 603-4691,,,,,,488893,74316,Tenant,
RAS 9 -TOWN PARK PLAZA,RAS 9,Nicole Lynette,Quinn,"06/17/2025","06/16/2026",2000.00,Monthly,475 NW 19 ST # 354,,,MIAMI,FL,33136,,,,,,,,,,,(786) 672-9948,,,,,,504464,84339,Tenant,
ATK 86 - PONCIANA ROYALE VILLAS CONDO,ATK 86,Angel Luis,Ramirez Sarmiento,"06/18/2025","01/01/2060",2400.00,Monthly,7526 W 20 AV # 103,,,HIALEAH,FL,33016,,,,,,,luisramirezangel1@gmail.com,,,,(281) 635-2082,,,,,,488904,74327,Tenant,
ATK 13 - GARDENS OF KENDALL,ATK 13,Carlos,Rasmussen,"02/01/2025","01/31/2026",1800.00,Monthly,10525 SW 112 AV # 215,,,MIAMI,FL,33176,,,,,,,rasmussenalbert13111996@gmail.com,,,(954) 859-4604,(305) 390-9645,,,,,,488891,74314,Tenant,
KRSS 6 - TERRANOVA,KRSS 6,Atinay,Reyes,"07/15/2025","06/30/2026",2300.00,Monthly,10845 NW 7 ST # 15-14,,,MIAMI,FL,33172,,,,,,,arfortuna73@icloud.com,,,,(786) 450-2159,,,,,,516941,89801,Tenant,
ATK 9 - CHALET OF SWEETWATER,ATK 9,Manuel,Rivera,"12/15/2024","12/14/2025",2200.00,Monthly,125 SW 114 AV # 5,,,MIAMI,FL,33174,,,,,,,manueldejesusperez6@gmail.com,,,(305) 877-1817,(305) 878-3510,,,,,,488879,74302,Tenant,
ATK 79 - CORAL GATE EAST CONDO II,ATK 79,Lyangie,Rivera,"06/18/2025","01/01/2060",2000.00,Monthly,6960 MIAMI GARDENS DRIVE 2-522,,,HIALEAH,FL,33015,,,,,,,Lyangierivera32@gmail.com,,,,(786) 438-6692,,,,,,488883,74306,Tenant,
ATK 31 - DORAL GARDENS II,ATK 31,Ivan,Rodriguez,"06/18/2025","01/01/2060",1900.00,Monthly,5122 NW 79 AV # 202,,,DORAL,FL,33166,,,,,,,Ivanven911@gmail.com,,,,(954) 279-8547,,,,,,488888,74311,Tenant,
KT 8 - FLORAL PARK VILLAS,KT 8,Oritheneer Sherrine,Rona,"07/01/2025","06/30/2026",1500.00,Monthly,3000 NW 43 TERRACE # 102,,,LAUDERDALE LAKES,FL,33313,,,,,,,,,,,(754) 214-2393,,,,,,514767,88949,Tenant,
ATK 11 - MOORS POINTE COND,ATK 11,Hector,Sanchez,"08/15/2021","07/31/2026",2000.00,Monthly,18230 MEDITERRANEAN BLVD # 7-13,,,HIALEAH,FL,33015,,,,,,,hdsanchez11@gmail.com,,,(316) 652-6634,(331) 256-9945,,,,,,488898,74321,Tenant,
ATK 37 - BONAVENTURE,ATK 37,Marla,Scott,"03/01/2024","02/28/2026",,,163 RIVIERA CIRCLE # 57-9,,,WESTON,FL,33326,,,,,,,,,,,(678) 446-6262,,,,,,488875,74298,Tenant,
ATK 41 - WESTLAND COURTS CONDO,ATK 41,Ailema,Sosa,"04/01/2023","01/01/2060",1900.00,Monthly,1855 W 60 ST # 332,,,HIALEAH,FL,33012,,,,,,,aleimasosa82@gmail.com,,,,(786) 613-0439,,,,,,488922,74345,Tenant,
ATK 39 - CYPRESS GROVE,ATK 39,Damian T.,Taylor,"06/01/2025","05/31/2026",2600.00,Monthly,291 SW 7 CT,,,POMPANO BEACH,FL,33060,,,,,,,taylordam27@yahoo.com,,,(954) 778-4760,(954) 821-6796,,,,,,488887,74310,Tenant,
ATK 15 - ENCLAVE AT MIRAMAR,ATK 15,Garreth,Thorpe,"10/01/2024","09/30/2025",1900.00,Monthly,2061 RENAISSANCE BLVD #301,,,MIRAMAR,FL,33025,,,,,,,gthorp01@gmail.com,,,,(786) 543-8478,,,,,,488889,74312,Tenant,
ATK 57 - CORAL GATE EAST CONDO,ATK 57,Emelsy,Valencia,"06/18/2025","01/01/2060",1800.00,Monthly,6930 NW MIAMI GARDENS DR # 1-312,,,HIALEAH,FL,33015,,,,,,,evalencia@nvlabs.net,,,,(786) 862-0289,,,,,,488882,74305,Tenant,
ATK 12 - ANTIGUA AT COUNTRY CLUB OF MIAMI,ATK 12,Dairan,Verona,"06/18/2025","01/01/2060",1850.00,Monthly,17455 NW 67 CT UNIT B-17,,,HIALEAH,FL,33015,,,,,,,dairanvarona@gmail.com,,,,(786) 251-6046,,,,,,488871,74294,Tenant,
